Player,Home,Away,Date,Team
David Ospina,Arsenal,West Bromwich Albion,24/05/2015,Arsenal
Per Mertesacker,Arsenal,West Bromwich Albion,24/05/2015,Arsenal
Gabriel Paulista,Arsenal,West Bromwich Albion,24/05/2015,Arsenal
Kieran Gibbs,Arsenal,West Bromwich Albion,24/05/2015,Arsenal
Santi Cazorla,Arsenal,West Bromwich Albion,24/05/2015,Arsenal
Mesut Özil,Arsenal,West Bromwich Albion,24/05/2015,Arsenal
Alexis Sánchez,Arsenal,West Bromwich Albion,24/05/2015,Arsenal
Boaz Myhill,Arsenal,West Bromwich Albion,24/05/2015,West Bromwich Albion
Craig Dawson,Arsenal,West Bromwich Albion,24/05/2015,West Bromwich Albion
Joleon Lescott,Arsenal,West Bromwich Albion,24/05/2015,West Bromwich Albion
Darren Fletcher,Arsenal,West Bromwich Albion,24/05/2015,West Bromwich Albion
James Morrison,Arsenal,West Bromwich Albion,24/05/2015,West Bromwich Albion
Saido Berahino,Arsenal,West Bromwich Albion,24/05/2015,West Bromwich Albion
Chris Brunt,Arsenal,West Bromwich Albion,24/05/2015,West Bromwich Albion
